{
  "Benchmark Results - Amplitude Estimation - Qiskit": {
    "aq_metrics": {
      "aq_fidelities": [
        1.0,
        1.0,
        1.0,
        1.0,
        1.0,
        1.0,
        1.0,
        1.0,
        1.0,
        1.0,
        0.9760000000000001,
        0.9580000000000001
      ],
      "groups": [
        "4",
        "4",
        "4",
        "5",
        "5",
        "5",
        "6",
        "6",
        "6",
        "7",
        "7",
        "7"
      ],
      "tr_n2qs": [
        82,
        88,
        82,
        188,
        188,
        202,
        426,
        426,
        426,
        868,
        868,
        868
      ]
    },
    "backend_id": "H2-1 run 1 32",
    "circuit_metrics": null,
    "end_time": 0,
    "group_metrics": {
      "avg_aq_fidelities": [
        1.0,
        1.0,
        1.0,
        0.978
      ],
      "avg_compiled_n2qs": [
        32.667,
        29.667,
        77.667,
        98.667
      ],
      "avg_create_times": [
        0.0,
        0.0,
        0.0,
        0.0
      ],
      "avg_depths": [
        209.0,
        480.0,
        1018.0,
        2087.0
      ],
      "avg_elapsed_times": [
        0.0,
        0.0,
        0.0,
        0.0
      ],
      "avg_exec_creating_times": [],
      "avg_exec_running_times": [],
      "avg_exec_times": [
        0.0,
        0.0,
        0.0,
        0.0
      ],
      "avg_exec_validating_times": [],
      "avg_fidelities": [
        1.0,
        1.0,
        1.0,
        0.977
      ],
      "avg_tr_depths": [
        151.0,
        340.0,
        758.0,
        1542.0
      ],
      "avg_tr_n2qs": [
        84.0,
        192.667,
        426.0,
        868.0
      ],
      "avg_tr_xis": [
        0.44,
        0.454,
        0.459,
        0.462
      ],
      "avg_xis": [],
      "groups": [
        "4",
        "5",
        "6",
        "7"
      ]
    },
    "start_time": 1707075779.214196
  },
  "Benchmark Results - Hamiltonian Simulation - Qiskit": {
    "aq_metrics": {
      "aq_fidelities": [
        0.90325,
        0.90331,
        0.9008699999999998,
        0.89923,
        0.8982600000000001,
        0.89435,
        0.8689892051030421
      ],
      "groups": [
        "26",
        "27",
        "28",
        "29",
        "30",
        "31",
        "32"
      ],
      "tr_n2qs": [
        225,
        234,
        243,
        252,
        261,
        270,
        279
      ]
    },
    "backend_id": "H2-1 run 1 32",
    "circuit_metrics": null,
    "end_time": 0,
    "group_metrics": {
      "avg_aq_fidelities": [
        0.903,
        0.903,
        0.901,
        0.899,
        0.898,
        0.894,
        0.869
      ],
      "avg_compiled_n2qs": [
        0.0,
        0.0,
        0.0,
        0.0,
        0.0,
        0.0,
        0.0
      ],
      "avg_create_times": [
        0.0,
        0.0,
        0.0,
        0.0,
        0.0,
        0.0,
        0.0
      ],
      "avg_depths": [
        50.0,
        50.0,
        50.0,
        50.0,
        50.0,
        50.0,
        50.0
      ],
      "avg_elapsed_times": [
        0.0,
        0.0,
        0.0,
        0.0,
        0.0,
        0.0,
        0.0
      ],
      "avg_exec_creating_times": [],
      "avg_exec_running_times": [],
      "avg_exec_times": [
        0.0,
        0.0,
        0.0,
        0.0,
        0.0,
        0.0,
        0.0
      ],
      "avg_exec_validating_times": [],
      "avg_fidelities": [
        0.903,
        0.903,
        0.901,
        0.899,
        0.898,
        0.894,
        0.869
      ],
      "avg_tr_depths": [
        41.0,
        41.0,
        41.0,
        41.0,
        41.0,
        41.0,
        41.0
      ],
      "avg_tr_n2qs": [
        225.0,
        234.0,
        243.0,
        252.0,
        261.0,
        270.0,
        279.0
      ],
      "avg_tr_xis": [
        0.345,
        0.344,
        0.346,
        0.344,
        0.346,
        0.345,
        0.347
      ],
      "avg_xis": [],
      "groups": [
        "26",
        "27",
        "28",
        "29",
        "30",
        "31",
        "32"
      ]
    },
    "start_time": 1707075776.819284
  },
  "Benchmark Results - Monte Carlo Sampling (2) - Qiskit": {
    "aq_metrics": {
      "aq_fidelities": [
        1.0,
        1.0,
        1.0
      ],
      "groups": [
        "5",
        "6",
        "7"
      ],
      "tr_n2qs": [
        224,
        478,
        982
      ]
    },
    "backend_id": "H2-1 run 1 32",
    "circuit_metrics": null,
    "end_time": 0,
    "group_metrics": {
      "avg_aq_fidelities": [
        1.0,
        1.0,
        1.0
      ],
      "avg_compiled_n2qs": [
        40.0,
        43.0,
        47.0
      ],
      "avg_create_times": [
        0.0,
        0.0,
        0.0
      ],
      "avg_depths": [
        468.0,
        997.0,
        2049.0
      ],
      "avg_elapsed_times": [
        0.0,
        0.0,
        0.0
      ],
      "avg_exec_creating_times": [],
      "avg_exec_running_times": [],
      "avg_exec_times": [
        0.0,
        0.0,
        0.0
      ],
      "avg_exec_validating_times": [],
      "avg_fidelities": [
        1.0,
        1.0,
        1.0
      ],
      "avg_tr_depths": [
        410.0,
        874.0,
        1797.0
      ],
      "avg_tr_n2qs": [
        224.0,
        478.0,
        982.0
      ],
      "avg_tr_xis": [
        0.438,
        0.443,
        0.446
      ],
      "avg_xis": [],
      "groups": [
        "5",
        "6",
        "7"
      ]
    },
    "start_time": 1707075778.763235
  },
  "Benchmark Results - Phase Estimation - Qiskit": {
    "aq_metrics": {
      "aq_fidelities": [
        1.0,
        1.0,
        1.0,
        1.0,
        1.0,
        1.0,
        0.8999999999999999,
        1.0,
        1.0,
        0.9500000000000001,
        0.916,
        0.9500000000000001,
        1.0,
        1.0,
        0.9500000000000001,
        1.0,
        1.0,
        0.924,
        1.0,
        1.0,
        1.0,
        1.0,
        0.736,
        1.0,
        0.48,
        0.8039999999999999,
        0.9500000000000001
      ],
      "groups": [
        "25",
        "25",
        "25",
        "26",
        "26",
        "26",
        "27",
        "27",
        "27",
        "28",
        "28",
        "28",
        "29",
        "29",
        "29",
        "30",
        "30",
        "30",
        "31",
        "31",
        "31",
        "32",
        "32",
        "32",
        "32",
        "32",
        "32"
      ],
      "tr_n2qs": [
        600,
        600,
        600,
        650,
        650,
        650,
        702,
        702,
        702,
        756,
        756,
        756,
        812,
        812,
        812,
        870,
        870,
        870,
        930,
        930,
        930,
        992,
        992,
        992,
        992,
        992,
        992
      ]
    },
    "backend_id": "H2-1 run 1 32",
    "circuit_metrics": null,
    "end_time": 0,
    "group_metrics": {
      "avg_aq_fidelities": [
        1.0,
        1.0,
        0.967,
        0.939,
        0.983,
        0.975,
        1.0,
        0.828
      ],
      "avg_compiled_n2qs": [
        109.0,
        110.0,
        118.0,
        122.667,
        128.667,
        132.667,
        135.0,
        140.333
      ],
      "avg_create_times": [
        0.0,
        0.0,
        0.0,
        0.0,
        0.0,
        0.0,
        0.0,
        0.0
      ],
      "avg_depths": [
        951.0,
        1028.0,
        1108.0,
        1191.0,
        1277.0,
        1366.0,
        1458.0,
        1553.0
      ],
      "avg_elapsed_times": [
        0.0,
        0.0,
        0.0,
        0.0,
        0.0,
        0.0,
        0.0,
        0.0
      ],
      "avg_exec_creating_times": [],
      "avg_exec_running_times": [],
      "avg_exec_times": [
        0.0,
        0.0,
        0.0,
        0.0,
        0.0,
        0.0,
        0.0,
        0.0
      ],