{
  "Benchmark Results - Amplitude Estimation - Qiskit": {
    "aq_metrics": {
      "aq_fidelities": [
        0.9560000000000001,
        0.9780000000000001,
        0.954,
        0.97,
        0.9080000000000001,
        0.9779999999999999,
        0.6940000000000001,
        0.81,
        0.8039999999999999,
        0.818,
        0.4640000000000001,
        0.48
      ],
      "groups": [
        "4",
        "4",
        "4",
        "5",
        "5",
        "5",
        "6",
        "6",
        "6",
        "7",
        "7",
        "7"
      ],
      "tr_n2qs": [
        82,
        88,
        82,
        188,
        188,
        202,
        426,
        426,
        426,
        868,
        868,
        868
      ]
    },
    "backend_id": "H2-1 run 1 32",
    "circuit_metrics": null,
    "end_time": 0,
    "group_metrics": {
      "avg_aq_fidelities": [
        0.963,
        0.952,
        0.769,
        0.587
      ],
      "avg_compiled_n2qs": [
        32.667,
        29.667,
        77.667,
        98.667
      ],
      "avg_create_times": [
        0.0,
        0.0,
        0.0,
        0.0
      ],
      "avg_depths": [
        209.0,
        480.0,
        1018.0,
        2087.0
      ],
      "avg_elapsed_times": [
        0.0,
        0.0,
        0.0,
        0.0
      ],
      "avg_exec_creating_times": [],
      "avg_exec_running_times": [],
      "avg_exec_times": [
        0.0,
        0.0,
        0.0,
        0.0
      ],
      "avg_exec_validating_times": [],
      "avg_fidelities": [
        0.93,
        0.939,
        0.736,
        0.56
      ],
      "avg_tr_depths": [
        151.0,
        340.0,
        758.0,
        1542.0
      ],
      "avg_tr_n2qs": [
        84.0,
        192.667,
        426.0,
        868.0
      ],
      "avg_tr_xis": [
        0.44,
        0.454,
        0.459,
        0.462
      ],
      "avg_xis": [],
      "groups": [
        "4",
        "5",
        "6",
        "7"
      ]
    },
    "start_time": 1707154083.6943512
  },
  "Benchmark Results - Hamiltonian Simulation - Qiskit": {
    "aq_metrics": {
      "aq_fidelities": [
        0.9247236331423926,
        0.9362548266964729,
        0.9481519143840583,
        0.931462558866717,
        0.9503101643803111,
        0.9413502760880155,
        0.9122846064365465
      ],
      "groups": [
        "26",
        "27",
        "28",
        "29",
        "30",
        "31",
        "32"
      ],
      "tr_n2qs": [
        225,
        234,
        243,
        252,
        261,
        270,
        279
      ]
    },
    "backend_id": "H2-1 run 1 32",
    "circuit_metrics": null,
    "end_time": 0,
    "group_metrics": {
      "avg_aq_fidelities": [
        0.925,
        0.936,
        0.948,
        0.931,
        0.95,
        0.941,
        0.912
      ],
      "avg_compiled_n2qs": [
        0.0,
        0.0,
        0.0,
        0.0,
        0.0,
        0.0,
        0.0
      ],
      "avg_create_times": [
        0.0,
        0.0,
        0.0,
        0.0,
        0.0,
        0.0,
        0.0
      ],
      "avg_depths": [
        50.0,
        50.0,
        50.0,
        50.0,
        50.0,
        50.0,
        50.0
      ],
      "avg_elapsed_times": [
        0.0,
        0.0,
        0.0,
        0.0,
        0.0,
        0.0,
        0.0
      ],
      "avg_exec_creating_times": [],
      "avg_exec_running_times": [],
      "avg_exec_times": [
        0.0,
        0.0,
        0.0,
        0.0,
        0.0,
        0.0,
        0.0
      ],
      "avg_exec_validating_times": [],
      "avg_fidelities": [
        0.925,
        0.936,
        0.948,
        0.931,
        0.95,
        0.941,
        0.912
      ],
      "avg_tr_depths": [
        41.0,
        41.0,
        41.0,
        41.0,
        41.0,
        41.0,
        41.0
      ],
      "avg_tr_n2qs": [
        225.0,
        234.0,
        243.0,
        252.0,
        261.0,
        270.0,
        279.0
      ],
      "avg_tr_xis": [
        0.345,
        0.344,
        0.346,
        0.344,
        0.346,
        0.345,
        0.347
      ],
      "avg_xis": [],
      "groups": [
        "26",
        "27",
        "28",
        "29",
        "30",
        "31",
        "32"
      ]
    },
    "start_time": 1707154081.3026292
  },
  "Benchmark Results - Monte Carlo Sampling (2) - Qiskit": {
    "aq_metrics": {
      "aq_fidelities": [
        0.9620000000000003,
        0.9380000000000005,
        0.9120000000000014
      ],
      "groups": [
        "5",
        "6",
        "7"
      ],
      "tr_n2qs": [
        224,
        478,
        982
      ]
    },
    "backend_id": "H2-1 run 1 32",
    "circuit_metrics": null,
    "end_time": 0,
    "group_metrics": {
      "avg_aq_fidelities": [
        0.962,
        0.938,
        0.912
      ],
      "avg_compiled_n2qs": [
        40.0,
        43.0,
        47.0
      ],
      "avg_create_times": [
        0.0,
        0.0,
        0.0
      ],
      "avg_depths": [
        468.0,
        997.0,
        2049.0
      ],
      "avg_elapsed_times": [
        0.0,
        0.0,
        0.0
      ],
      "avg_exec_creating_times": [],
      "avg_exec_running_times": [],
      "avg_exec_times": [
        0.0,
        0.0,
        0.0
      ],
      "avg_exec_validating_times": [],
      "avg_fidelities": [
        0.949,
        0.929,
        0.906
      ],
      "avg_tr_depths": [
        410.0,
        874.0,
        1797.0
      ],
      "avg_tr_n2qs": [
        224.0,
        478.0,
        982.0
      ],
      "avg_tr_xis": [
        0.438,
        0.443,
        0.446
      ],
      "avg_xis": [],
      "groups": [
        "5",
        "6",
        "7"
      ]
    },
    "start_time": 1707154083.2370791
  },
  "Benchmark Results - Phase Estimation - Qiskit": {
    "aq_metrics": {
      "aq_fidelities": [
        0.5959999999999999,
        0.5679999999999998,
        0.66,
        0.4339999999999998,
        0.45199999999999985,
        0.46199999999999963,
        0.22599999999999987,
        0.3059999999999998,
        0.40599999999999975,
        0.22999999999999984,
        0.23399999999999987,
        0.23999999999999988,
        0.43999999999999984,
        0.3619999999999998,
        0.1919999999999998,
        0.34999999999999987,
        0.27199999999999996,
        0.1959999999999999,
        0.5219999999999997,
        0.2959999999999998,
        0.3859999999999999,
        0.26999999999999985,
        0.12999999999999995,
        0.4159999999999996,
        0.08399999999999994,
        0.15199999999999977,
        0.32399999999999995
      ],
      "groups": [
        "25",
        "25",
        "25",
        "26",
        "26",
        "26",
        "27",
        "27",
        "27",
        "28",
        "28",
        "28",
        "29",
        "29",
        "29",
        "30",
        "30",
        "30",
        "31",
        "31",
        "31",
        "32",
        "32",
        "32",
        "32",
        "32",
        "32"
      ],
      "tr_n2qs": [
        600,
        600,
        600,
        650,
        650,
        650,
        702,
        702,
        702,
        756,
        756,
        756,
        812,
        812,
        812,
        870,
        870,
        870,
        930,
        930,
        930,
        992,
        992,
        992,
        992,
        992,
        992
      ]
    },
    "backend_id": "H2-1 run 1 32",
    "circuit_metrics": null,
    "end_time": 0,
    "group_metrics": {
      "avg_aq_fidelities": [
        0.608,
        0.449,
        0.313,
        0.235,
        0.331,
        0.273,
        0.401,
        0.229
      ],
      "avg_compiled_n2qs": [
        109.0,
        110.0,
        118.0,
        122.667,
        128.667,
        132.667,
        135.0,
        140.333
      ],
      "avg_create_times": [
        0.0,
        0.0,
        0.0,
        0.0,
        0.0,
        0.0,
        0.0,
        0.0
      ],